Debates,Date,word_count,JustClean,JustAfford,JustReliable,JustSustain,JustModern,CleanSent,AffordSent,ReliableSent,SustainSent,ModernSent,GreenJobSent,ScientistSent
Energy Efficiency ,2007-01-08,222,0,0,0,0,0,0,0,0,0,0,0,0
Wind Energy ,2007-01-18,1161,0,0,0,0,0,0,0,0,0,0,0,0
Local Planning Authorities (Energy and Energy Efficiency) Bill ,2007-01-19,4538,0,0,0,13,0,0,0,0,3,0,0,0
"Energy Costs ,Green Energy Generation ",2007-01-23,11858,0,2,0,0,0,0,0,0,2,0,0,0
Energy Saving (Daylight) Bill ,2007-01-26,38100,0,0,1,0,3,1,0,0,0,1,0,0
"Energy Consumption ,Renewable Energy ",2007-02-01,1488,0,0,0,0,0,0,0,0,0,0,0,0
Energy White Paper ,2007-02-22,3077,1,0,0,0,0,1,0,0,0,0,0,0
Energy Review ,2007-03-21,628,1,0,0,1,0,1,0,0,1,0,0,0
"Energy Policy ,Renewable Energy ",2007-03-22,1815,0,0,0,0,0,0,0,0,0,0,0,0
LOCAL PLANNING AUTHORITIES (ENERGY AND ENERGY EFFICIENCY) BILL ,2007-04-20,35,0,0,0,0,0,0,0,0,0,0,0,0
Energy Efficient Homes ,2007-05-08,975,0,2,0,1,0,0,1,0,0,0,0,0
UK Atomic Energy Authority ,2007-05-09,13218,5,0,1,0,0,1,0,0,0,0,0,0
Food Waste to Energy ,2007-05-22,3473,0,0,0,1,1,0,0,0,2,0,0,0
Energy White Paper ,2007-05-23,9529,3,2,0,3,1,2,2,0,0,0,0,0
Energy Efficiency ,2007-06-04,542,0,0,0,0,1,0,0,0,0,0,0,0
Energy White Paper ,2007-06-07,356,0,0,0,0,0,0,0,0,0,0,0,0
Energy White Paper ,2007-06-12,569,0,0,0,0,0,0,0,0,0,0,0,0
Energy White Paper ,2007-06-21,1117,0,0,0,1,0,0,0,0,0,0,0,0
Energy Markets (Carbon Reduction and Warm Homes) ,2007-06-26,1429,1,0,0,4,0,1,0,0,4,0,0,0
Energy Efficiency ,2007-07-10,883,0,0,1,2,0,0,0,1,0,0,0,0
Renewable Energy ,2007-07-19,1634,0,0,0,0,0,0,0,0,0,0,0,0
Pre-payment Energy Meters ,2007-10-08,3175,1,1,0,0,0,1,2,0,0,0,0,0
Energy Tariffs ,2007-10-11,287,0,0,0,0,0,0,0,0,0,0,0,0
Renewable Energy (Public Buildings) ,2007-11-22,858,0,0,0,2,0,0,0,0,1,0,0,0
Energy Policy ,2007-11-27,12923,47,0,2,3,2,22,0,4,3,2,0,0
UK Energy Policy ,2008-01-10,9439,5,3,0,2,0,5,3,0,1,0,0,0
Energy-efficient Homes ,2008-01-15,413,0,0,0,0,0,0,0,0,0,0,0,0
Energy Supply ,2008-01-17,1821,0,0,0,0,0,0,0,0,0,0,0,0
"Energy Bill ,Energy Bill [money] ",2008-01-22,57941,16,3,7,21,4,10,4,6,17,1,4,0
Planning and Energy Bill ,2008-01-25,20272,2,4,0,12,4,0,0,0,3,1,0,0
"Energy Efficiency ,Low-Energy Light Bulbs ",2008-01-31,1839,0,0,0,0,0,0,0,0,0,0,0,0
Energy Regulations (Consumer Prices) ,2008-02-05,12322,0,0,0,2,0,0,1,0,0,0,0,0
Energy Saving (Daylight) Bill ,2008-03-07,3626,0,0,0,0,0,0,0,0,0,0,0,0
Energy Prices ,2008-04-24,2057,0,0,0,0,0,0,0,0,0,0,0,0
public sector buildings (energy performance) bill ,2008-04-25,23,0,0,0,0,0,0,0,0,0,0,0,0
Energy Bill ,2008-04-30,53500,7,0,3,10,3,6,0,5,7,1,0,0
Planning and Energy Bill ,2008-05-09,37891,0,16,0,18,5,0,3,0,7,1,0,0
Renewable Energy ,2008-05-22,314,0,0,0,0,0,0,0,0,0,0,0,0
Energy from Renewable Resources ,2008-06-03,13987,0,0,1,4,0,0,1,0,11,0,0,0
public sector buildings (energy performance) Bill ,2008-06-06,23,0,0,0,0,0,0,0,0,0,0,0,0
Low Energy Technology ,2008-06-12,483,0,0,0,0,0,0,0,0,0,0,0,0
Energy Security ,2008-06-30,23664,15,2,7,4,1,4,3,6,8,1,1,0
Energy Costs ,2008-07-10,486,0,0,0,0,0,0,0,0,0,0,0,0
Energy Efficiency ,2008-10-07,176,0,0,0,0,0,0,0,0,0,0,0,0
"Department of Energy and Climate Change ,Energy Providers 2008-10-16 (1).txt,Energy Providers ",2008-10-16,24161,8,4,0,8,1,4,5,0,4,1,0,0
"Planning and Energy Bill 2008-10-17 (1).txt,Planning and Energy Bill ",2008-10-17,7273,1,0,0,0,0,0,0,0,2,0,0,0
Energy Policy (Scotland) ,2008-10-21,4711,1,3,1,1,1,3,2,1,0,1,0,0
Standing Orders Etc. (Energy and Climate Change) ,2008-10-28,13970,0,1,0,3,1,0,1,0,1,0,0,0
Energy ,2008-10-29,272,0,0,0,0,0,0,0,0,0,0,0,0
"Energy and Climate Change ,Energy Market ",2008-11-13,9262,1,3,0,5,0,1,3,0,6,0,1,0
"Energy Bill ,Energy Bill [Ways and Means] (No. 2) ",2008-11-18,28902,2,1,0,11,0,2,3,0,5,0,0,0
Energy ,2008-12-10,1272,1,0,0,0,0,1,1,1,0,0,0,0
"Energy Prices, Fuel Poverty and Ofgem ",2008-12-16,18897,0,1,1,2,0,0,3,2,2,0,0,0
"Energy Act 2008 ,Energy and Climate Change ",2009-01-22,7827,0,2,0,1,0,0,2,0,0,0,2,0
Energy Generation (Food Waste) ,2009-03-04,4041,1,0,1,0,0,0,0,1,0,0,0,0
"Energy and Climate Change ,Home Energy Efficiency ,Renewable Energy Generation ",2009-03-05,10317,6,0,0,0,1,4,0,0,0,0,10,0
UK Energy (Coal) ,2009-03-17,13648,12,0,0,0,2,5,1,0,1,0,0,0
"Nuclear Energy ,Renewable Energy ",2009-03-31,16851,6,3,3,10,0,4,1,3,4,0,0,0
Energy and Climate Change ,2009-04-23,7277,8,1,1,2,0,4,1,0,1,0,0,1
Cheapest Energy Tariff (Information) ,2009-04-27,1249,0,0,0,0,0,0,1,0,0,0,0,0
Green Energy (Definition and Promotion) Bill ,2009-05-08,22044,1,0,0,20,0,2,2,0,12,1,10,0
"Domestic Buildings (Energy Efficiency) ,Energy and Climate Change ",2009-06-04,7596,0,1,1,0,0,0,1,0,0,0,0,0
Energy Regulation ,2009-06-10,12626,0,1,0,1,0,0,1,0,1,0,0,0
Green Energy (Definition and Promotion Bill) (Money) ,2009-06-17,1176,0,0,0,0,0,0,0,0,0,0,0,0
Energy Security and Nuclear Non-Proliferation ,2009-07-01,4234,2,0,0,1,0,0,0,0,1,0,0,0
"Domestic Energy Users ,Green Energy (Definition and Promotion) Bill ",2009-07-03,21443,0,1,2,8,4,0,1,2,3,0,8,1
"Domestic Energy Tariffs ,Energy (Waste Facilities) ,Energy and Climate Change ,Home Energy Efficiency ,Renewable Energy ",2009-07-09,12961,4,1,1,1,0,2,1,1,0,0,5,1
Energy Production ,2009-10-13,4977,7,3,4,0,0,6,3,4,0,0,0,0
"Energy and Climate Change ,Energy Pricing 2009-11-05 (1).txt,Energy Pricing ,Marine Energy ",2009-11-05,11258,4,0,0,0,0,3,0,0,0,0,1,0
Energy National Policy Statements ,2009-11-09,9252,10,1,3,0,0,8,1,2,0,0,0,0
"Energy and Climate Change and Environment, Food and Rural Affairs ",2009-11-24,56933,25,2,0,19,4,15,2,0,2,0,3,4
Energy Efficiency (House of Commons) ,2009-11-26,548,0,0,0,0,0,0,0,0,0,0,0,0
Energy Bill ,2009-12-07,47134,15,3,4,11,2,5,6,3,8,0,1,3
"Energy and Climate Change ,Tidal Energy ,Wind Energy ",2010-01-07,11172,4,1,0,1,0,1,1,0,1,0,0,0
Energy Security ,2010-01-13,26694,7,4,4,2,1,4,6,5,2,0,0,0
Energy Bill ,2010-02-24,42630,14,1,0,1,0,3,4,0,1,0,0,1
Energy and Climate Change ,2010-02-25,10490,5,1,0,3,0,2,2,0,3,0,0,1
Energy Security ,2010-03-02,399,0,0,0,0,0,0,0,0,0,0,0,0
Home Energy Efficiency ,2010-03-03,12953,0,0,2,1,1,0,1,0,0,0,0,0
"Energy Costs (Highlands and Islands) 2010-03-10 (1).txt,Energy Costs (Highlands and Islands) ",2010-03-10,417,0,0,0,0,0,0,0,0,0,0,0,0
"Commons Chamber ,Energy Bill ,Housing (Energy Efficiency) 2010-04-08 (1).txt,Housing (Energy Efficiency) ,Wave Energy ",2010-04-08,51989,10,0,1,17,2,6,0,1,3,0,3,0
"Energy and Environment, Food and Rural Affairs ",2010-05-27,59846,19,7,4,19,3,11,4,1,8,0,8,0
Energy ,2010-06-16,163,0,0,0,0,0,0,0,0,0,0,0,0
Nuclear Energy ,2010-06-22,14113,4,1,1,1,0,4,2,1,1,0,0,0
Energy Efficiency ,2010-06-30,53355,18,1,3,6,8,9,1,1,1,1,4,0
"Energy and Climate Change ,Energy Supply (Security) ,Energy Supply Security ,Energy-from-Waste Incinerators ,Wave_Tidal Energy ",2010-07-01,11330,2,2,0,3,6,1,0,0,3,2,9,0
Energy Security ,2010-07-08,17888,2,1,0,0,1,3,2,0,0,1,1,0
Offshore Energy Industry ,2010-07-13,13699,0,0,0,0,1,0,0,0,0,0,0,0
Renewable Energy Projects ,2010-07-14,4137,0,0,0,0,0,0,0,0,0,0,0,0
Annual Energy Statement ,2010-07-27,7408,2,2,0,0,0,1,2,0,0,0,1,0
"Energy and Climate Change ,Energy Markets (Security of Supply) ,Offshore Renewable Energy ,Ofgem (Energy Prices) ",2010-09-16,12055,9,0,0,2,0,5,1,0,2,0,8,0
Renewable Energy ,2010-10-27,684,0,0,0,0,0,0,0,0,0,0,0,0
"Energy and Climate Change ,Energy Efficiency ",2010-11-11,10782,3,1,0,3,1,1,0,0,2,0,4,0
Energy Efficiency Measures ,2010-11-17,3607,0,0,0,2,0,0,0,0,1,0,0,0
Energy ,2010-12-01,433,0,0,0,0,0,0,0,0,0,0,0,0
"Energy Industry (East Anglia) ,Hospital Energy Consumption ",2010-12-07,4960,1,0,0,2,0,1,0,0,2,0,0,0
"Community Energy Schemes ,Energy and Climate Change ,Energy Prices ,Geothermal Energy ,Low-carbon Energy Products ",2010-12-16,13004,0,0,0,4,3,0,1,0,2,3,0,0
Energy Industries ,2011-01-26,467,1,0,0,0,0,1,0,0,0,0,0,0
"Energy and Climate Change ,Energy Efficiency (Rural Areas) ,Energy Prices ,Onshore Wind Energy ",2011-02-10,38823,5,2,4,6,3,5,2,7,3,1,4,0
Renewable Energy (The Humber) ,2011-02-16,4791,2,0,1,1,0,2,0,0,0,0,1,0
Renewable Energy Directive ,2011-03-10,581,0,0,0,3,0,0,0,0,6,0,0,0
Energy Policy ,2011-03-16,449,0,0,0,0,0,0,0,0,0,0,0,0
"Energy and Climate Change ,Energy Efficiency ,Energy Supplies ",2011-03-24,11745,3,0,2,4,0,0,0,2,0,0,0,0
Renewable Energy ,2011-04-28,354,0,0,0,0,0,0,0,0,0,0,0,0
Renewable Energy ,2011-05-04,716,0,0,0,1,0,0,0,0,0,0,0,0
Energy Bill [Lords] ,2011-05-10,45865,5,1,1,6,2,6,1,1,5,1,6,0
"Energy and Climate Change ,Energy Bill (Consumer Protection) ,Energy Company Obligation ,Energy-intensive Industries ,Onshore Wind Energy ,Tidal Energy ",2011-05-19,12030,3,2,0,1,0,2,4,0,1,0,3,0
"Community Energy Projects ,Domestic Energy Bills ,Employment and Skills (Energy Sector) ,Energy and Climate Change ,Energy Efficiency (Housing) ,Energy Saving Trust ,Energy Supply (Decarbonisation) ,Energy Tariffs ,Renewable Energy Infrastructure ",2011-07-07,16237,0,4,0,4,0,0,1,0,2,0,7,0
National Policy Statements (Energy) ,2011-07-18,21114,8,8,2,3,3,7,8,2,2,2,9,0
"Domestic Energy Prices ,Energy Powers (Wales) ",2011-09-06,4967,1,1,0,1,0,1,1,0,0,0,0,0
"Energy Bill [Lords] ,Energy Prices ",2011-09-14,51023,2,8,0,4,0,0,7,0,4,1,5,0
Energy Prices ,2011-10-19,44567,1,3,0,2,0,1,7,0,1,1,0,2
"Energy and Climate Change ,Energy Bill ,Energy Efficiency Schemes (SMEs) ,Energy Tariffs 2011-10-20 (1).txt,Energy Tariffs ,Energy-intensive Industries ,Low-carbon Energy (Employment) ",2011-10-20,14020,1,4,0,2,0,1,5,0,2,0,0,0
Energy Prices ,2011-11-09,491,0,0,0,0,0,0,0,0,0,0,0,0
Annual Energy Statement ,2011-11-23,7970,4,5,2,2,0,5,1,1,2,0,0,0
"Domestic Energy Bills ,Domestic Energy Costs ,Energy and Climate Change ,Energy Credit ,Energy Infrastructure ,Energy Prices ",2011-12-01,13754,1,3,0,9,0,0,3,0,2,0,2,0
Energy and Climate Change ,2011-12-20,6856,0,1,0,0,1,0,0,0,0,1,0,0
Energy Prices ,2012-01-11,21335,4,3,0,1,0,1,4,0,1,0,1,0
"Energy and Climate Change ,Energy Bills ,Energy Efficiency 2012-01-26 (1).txt,Energy Efficiency ,Renewable Energy ",2012-01-26,12437,2,8,0,5,0,1,3,2,0,0,2,0
Offshore Renewable Energy (East Anglia) ,2012-01-31,4623,0,1,1,0,0,0,0,0,0,0,0,0
Energy Suppliers and Prices ,2012-02-28,5137,1,2,0,1,0,0,2,0,1,0,0,0
"Renewable Energy ,South West Marine Energy Park ",2012-02-29,9064,2,1,0,3,0,2,1,0,3,0,2,0
Energy Generation (Planning and Right  to Invest) ,2012-03-06,1152,0,0,0,0,0,0,0,0,0,0,0,0
"Energy and Climate Change ,Energy Bills 2012-03-08 (1).txt,Energy Bills ,Energy Costs 2012-03-08 (1).txt,Energy Costs ,Energy Market ,Energy Prices ,Onshore Wind Energy ",2012-03-08,14070,3,2,0,1,1,3,4,1,0,1,2,0
"Domestic Energy Bills ,Energy and Climate Change ,Energy Bills ,Energy Efficiency 2012-05-17 (1).txt,Energy Efficiency ,Energy Policy ",2012-05-17,12500,6,2,0,1,0,3,1,0,0,0,0,0
Energy Pricing ,2012-05-24,247,0,0,0,0,0,0,0,0,0,0,0,0
Energy Prices ,2012-06-20,289,0,0,0,0,0,0,0,0,0,0,0,0
High Energy Caffeine Drinks ,2012-07-11,5472,0,0,0,0,0,0,0,0,0,0,0,0
"Energy and Climate Change ,Energy Bills ,Energy Efficiency ,Energy Market ,Renewable Energy 2012-07-12 (1).txt,Renewable Energy ",2012-07-12,13017,3,2,0,4,1,1,2,0,3,0,0,0
Energy Supply ,2012-09-06,12028,1,1,7,0,1,0,4,7,0,0,1,0
Energy Resources (Lancashire) ,2012-09-18,4530,0,0,0,0,0,0,0,0,1,0,0,0
Energy Tariffs ,2012-10-18,4663,0,1,0,0,0,0,2,0,0,0,0,0
Energy Market Reform ,2012-10-24,30611,3,1,0,1,5,2,4,0,1,1,0,0
"Clean Energy Infrastructure ,Energy and Climate Change ,Energy Bills ,Energy Demand ,Energy Efficiency ,Energy Market (New Entrants) ,Renewable Energy Technology Manufacturing (West Midlands) ",2012-11-01,14701,13,1,0,1,0,13,2,0,1,0,0,0
Energy Generation Sector ,2012-11-28,710,0,0,0,0,0,0,0,0,0,0,1,0
Energy Policy ,2012-11-29,8379,0,0,0,0,0,0,0,0,1,0,0,0
Low-energy Lighting ,2012-12-06,427,0,0,0,0,0,0,0,0,0,0,0,0
"Energy and Climate Change ,Energy Infrastructure Investment ,Geothermal Energy ,Household Energy Bills ",2012-12-13,12826,4,4,2,2,0,2,4,2,0,0,0,0
Energy Bill ,2012-12-19,34129,14,15,3,11,2,15,13,3,11,1,0,0
Energy and Climate Change  Committee Report ,2012-12-20,2502,1,2,1,0,0,1,2,0,0,0,0,0
Fuel Poverty and Energy Efficiency ,2013-01-16,26358,3,15,1,4,1,1,8,0,4,0,0,0
Energy Efficiency  (Houses in Multiple Occupation) ,2013-01-23,890,0,0,0,0,0,0,0,0,0,0,0,0
"Energy and Climate Change ,Energy Bills 2013-01-31 (1).txt,Energy Bills ,Energy Efficiency ,Green Energy Technologies ",2013-01-31,12128,0,2,0,0,0,0,2,0,2,0,0,0
"Energy and Climate Change ,Energy Bills ,Energy Efficiency ,Energy Market Competition ",2013-03-14,12697,5,6,0,5,0,4,3,1,4,0,1,0
Energy Efficiency_ New Homes ,2013-03-18,373,0,0,0,0,0,0,0,0,0,0,0,0
"59. Value added tax (energy-saving materials) ,Energy Intensive Industries ",2013-03-25,4267,0,1,0,1,0,0,1,0,0,0,0,0
Energy Infrastructure (UK Supply Chain) ,2013-03-26,4010,0,1,1,2,0,0,1,1,1,0,0,0
Energy Generation ,2013-04-17,12849,0,1,0,0,0,1,1,0,0,0,3,0
Energy Bill ,2013-06-03,33212,1,5,5,1,0,0,1,5,0,1,0,0
Energy Bill ,2013-06-04,52061,8,10,5,8,0,7,9,4,1,0,3,2
Renewable Energy ,2013-06-05,374,1,0,0,0,0,1,0,0,0,0,0,0
"Energy and Climate Change ,Energy Bills ,Energy Efficiency ,Home Energy Efficiency (Milton Keynes) ",2013-06-06,11435,2,3,0,0,0,4,4,0,0,0,1,0
Energy Policy ,2013-07-03,515,0,0,0,0,0,0,0,0,0,0,0,0
"Energy and Climate Change ,Energy Demand ,Energy Infrastructure ,Renewable Energy ",2013-07-11,12439,1,2,0,2,0,3,2,0,4,0,1,0
UK Energy Infrastructure (Wales) ,2013-07-17,4034,0,0,0,1,0,0,0,0,0,0,0,0
Energy Prices and Profits ,2013-09-04,21033,2,2,1,0,1,4,5,0,0,1,0,0
Energy Policy (Winter Preparations) ,2013-10-09,4504,0,2,0,0,0,0,1,0,0,0,0,0
"Energy and Climate Change ,Energy Bills ,Energy Efficiency ,Energy Support (Northumberland) ,European Energy Markets ,Renewable Energy ,UK Energy Market ,Wind Energy ",2013-10-17,15539,2,5,0,3,0,3,3,0,0,1,0,0
UK Nuclear Energy Programme ,2013-10-21,12860,12,0,2,1,0,4,0,1,1,1,0,1
Annual Energy Statement ,2013-10-31,9855,3,4,0,1,1,3,6,0,1,1,0,0
"Energy Prices ,Renewable Energy (Peterborough) ",2013-11-05,4663,0,2,0,2,0,0,0,0,0,0,0,0
"Energy Price Freeze ,Energy Prices ",2013-11-06,49186,8,7,0,1,3,5,11,1,0,3,0,0
"Energy Prices, Profits and Poverty ",2013-11-07,12054,0,1,0,0,0,0,2,0,0,0,0,0
Energy Bill (Carry-Over Extension) ,2013-11-18,2407,0,0,0,1,0,0,1,0,1,0,0,0
Energy Transmission Infrastructure (Carmarthenshire) ,2013-11-19,3809,0,0,0,0,0,0,0,0,0,0,0,0
"Energy Costs ,Energy Infrastructure ",2013-11-20,1407,0,0,0,0,0,0,1,0,0,0,0,0
"Energy and Climate Change ,Energy Costs ,Energy Efficiency ,Energy Security ,Rural Energy Costs ",2013-11-28,13824,6,0,0,0,0,6,3,0,0,0,6,0
Energy Bills ,2013-12-02,9473,3,4,0,2,0,4,3,0,3,0,1,0
"Energy Bill ,Energy Intensive Industries ",2013-12-04,35906,9,2,4,0,1,6,4,2,0,0,3,0
Energy Prices ,2013-12-18,457,0,1,0,0,0,0,1,0,0,0,0,0
"Energy and Climate Change ,Energy Bills ,Energy Efficiency ,Energy Infrastructure ,Wholesale Energy Market ",2014-01-16,13765,1,2,0,3,2,0,3,0,2,2,0,0
Energy Prices ,2014-01-28,389,0,0,0,0,0,0,0,0,0,0,0,0
Energy Company Charges ,2014-02-04,20204,0,1,0,0,1,0,4,0,0,1,0,0
Household Energy Bills ,2014-02-05,782,0,0,0,0,0,0,0,0,0,0,0,0
"Community Energy ,Energy and Climate Change ,Energy Companies_ Charges ,Energy Company Obligation ,Energy Efficiency ,Energy Market Competition ,Energy Meters ,Energy Prices 2014-02-27 (1).txt,Energy Prices ,Household Energy Bills ,Tidal Energy ",2014-02-27,16282,4,8,0,1,0,4,2,0,3,1,2,1
"Department of Energy and Climate Change ,Government Levies on Energy Bills ",2014-03-03,23326,1,3,0,2,0,0,5,0,1,0,1,1
"Energy Company Obligation ,Energy-intensive Industries ",2014-03-11,14894,0,3,0,3,1,0,3,0,6,0,2,0
Energy Markets (Competition) ,2014-03-26,12444,2,1,1,0,0,2,1,1,0,0,0,0
Energy Markets Competition Assessment ,2014-03-27,6192,0,0,0,0,0,0,0,0,0,0,0,0
Energy Price Freeze ,2014-04-02,28918,3,2,0,1,1,2,7,0,1,1,0,0
"Energy and Climate Change ,Energy Bills (Park Homes) ,Energy Bills ,Energy Efficiency ,Energy Markets (Competition) ,Energy Supply ,Energy-intensive Industries ",2014-04-03,15585,1,0,0,2,0,1,1,0,2,0,0,0
Energy-intensive Industries ,2014-04-10,345,0,0,0,0,0,0,0,0,0,0,0,0
Energy Bills ,2014-05-07,646,0,0,0,0,0,0,0,0,0,0,0,0
Cost of Living_ Energy and Housing ,2014-06-05,58492,6,21,2,10,25,0,5,0,3,0,1,0
Energy Prices ,2014-06-18,23053,1,0,0,1,0,1,1,0,1,0,0,0
"Energy and Climate Change ,Energy Efficiency ,Energy Markets (Competition) ,Energy Security ",2014-06-19,13033,1,3,0,2,0,1,2,0,0,0,0,0
Energy-intensive Industries ,2014-06-26,568,0,0,0,0,0,0,0,0,0,0,0,0
Energy (Independence) ,2014-07-02,291,0,0,0,0,0,0,0,0,0,0,0,0
"Energy Company Licence Revocation ,Renewable Energy Development (Beccles) ",2014-09-03,33391,8,0,0,5,0,4,3,0,4,0,0,0
"Energy and Climate Change ,Energy Bills ,Energy Efficiency 2014-09-04 (1).txt,Energy Efficiency ,Energy Security ,Renewable Energy Investment ,Sustainable Energy ",2014-09-04,14953,0,0,0,8,2,0,2,0,8,0,1,0
Energy-intensive Industries ,2014-09-11,20339,6,1,0,8,1,3,2,0,3,0,0,0
Domestic Energy Efficiency ,2014-10-21,4010,0,1,0,0,0,0,0,0,0,0,0,0
Energy Prices ,2014-10-22,309,1,0,0,0,0,1,0,0,0,0,0,0
"Annual Energy Statement ,Energy and Climate Change ,Energy Bills 2014-11-06 (1).txt,Energy Bills ,Energy Generation ,Energy Security ,Framework for Energy and Climate Policies ,Solar Energy (Public Sector) ",2014-11-06,21736,8,5,0,4,0,8,6,0,4,0,1,0
Energy Policy and Living Standards ,2014-12-10,4850,0,0,0,1,0,0,0,0,0,0,0,0
"Clean Energy ,Energy and Climate Change ,Energy Bills (Low Carbon Energy) ,Energy Bills ,Energy Companies Obligation ,Energy Security ,UK Energy Sources (Subsidy) ",2014-12-18,13522,6,1,0,0,0,6,2,0,0,0,1,0
Energy Prices ,2015-01-14,24349,1,0,0,0,0,1,5,0,1,0,1,0
"Community Energy Generation ,Energy and Climate Change ,Energy Bills ,Energy Efficiency ,Household Energy Bills ,Renewable Energy ",2015-02-05,15359,0,2,1,0,0,0,1,1,2,0,0,0
Energy Supply ,2015-02-25,899,0,0,0,0,0,0,0,1,0,0,0,0
Low Carbon Energy Generation ,2015-02-26,15078,2,1,2,0,1,1,3,2,1,0,0,0
"Energy and Climate Change ,Energy Efficiency ,Energy Policy (Regional Devolution) ,Household Energy Bills ,Low-carbon Energy Sources ,Renewable Energy ,Solar Energy ,Wholesale Energy Prices ",2015-03-19,15131,11,2,0,1,0,10,5,0,1,0,1,0
Marine Energy ,2015-03-26,361,0,0,0,0,0,0,0,0,0,0,0,0
"Energy and Climate Change ,Household Energy Efficiency ,Renewable Energy 2015-06-25 (1).txt,Renewable Energy ,Renewable Energy Jobs (Scotland) ",2015-06-25,14081,9,3,2,3,0,10,1,0,2,0,0,0
"Energy and Climate Change ,Energy Supply Market ,Low-carbon Energy Generation ",2015-09-17,12950,4,7,0,2,0,4,5,0,3,0,0,0
"Department of Energy and Climate Change ,EU Renewable Energy Target ,Fuel Poverty_ Energy Efficiency Schemes ,Renewable Energy_ Subsidies ,Solar Energy_ Schools ,Wholesale Energy Prices ",2015-11-19,14807,16,4,2,5,0,15,12,2,3,0,2,0
Energy Market Design ,2015-11-23,9096,4,1,1,0,0,4,1,2,0,2,0,0
Clean Energy Investment ,2015-11-25,14214,47,3,0,3,0,40,5,0,4,0,0,0
Energy Sector (Research and Development) ,2015-12-15,791,0,0,0,0,0,0,0,0,0,0,0,0
"Energy and Climate Change ,Energy Tariffs ",2016-01-07,10967,1,2,4,1,0,1,2,2,0,0,0,0
Energy Bill [Lords] ,2016-01-18,50881,28,8,9,19,4,26,11,5,11,2,0,0
"Energy BILL [ Lords ] (First sitting) ,Energy BILL [ Lords ] (Second sitting) ",2016-01-26,17695,0,0,0,0,0,0,0,0,0,0,0,0
Energy BILL [ Lords ] (Third sitting) ,2016-01-28,11396,0,0,0,0,0,0,0,0,0,0,0,0
"Energy BILL [ Lords ] (Fifth sitting) ,Energy BILL [ Lords ] (Fourth sitting) ",2016-02-02,47485,6,1,2,1,2,9,0,0,1,1,0,0
Energy Access_ Africa ,2016-02-03,622,2,0,1,0,0,1,0,1,0,0,0,0
"Energy BILL [ Lords ] (Seventh sitting) ,Energy BILL [ Lords ] (Sixth sitting) ",2016-02-04,25893,2,5,1,0,0,1,1,1,0,0,0,1
Humber Energy Estuary ,2016-02-09,4576,2,1,0,3,0,2,1,0,0,0,0,0
"Energy and Climate Change ,Energy Prices ,Energy-efficient Homes 2016-02-11 (1).txt,Energy-efficient Homes ,Solar Energy ,Solar Energy_ VAT ",2016-02-11,13124,1,2,1,4,0,2,2,2,4,0,0,0
Biomass Energy ,2016-02-24,12156,1,5,3,6,0,0,4,5,3,0,1,0
UK Energy Market ,2016-03-09,8838,0,1,0,1,0,0,2,0,1,0,0,0
Energy-Intensive Industries ,2016-03-10,10728,0,0,0,5,0,1,0,0,2,0,0,0
Energy Bill [Lords] ,2016-03-14,38367,4,13,5,5,5,3,10,4,2,2,0,1
"Energy and Climate Change ,Energy Storage Devices ,Energy-saving Products_ VAT ,Renewable Energy_ Subsidies ,Retail Energy_ Switching Suppliers ,Tidal Lagoon Energy ",2016-03-24,11152,1,4,3,1,0,1,2,2,2,0,0,0
Energy Bill [Lords] ,2016-04-20,8834,1,0,1,0,0,1,1,4,0,0,0,0
Access to Energy_ Africa ,2016-05-04,506,2,0,0,0,0,1,0,0,0,0,0,0
Energy Bill [Lords] ,2016-05-09,4093,0,0,0,0,0,0,0,0,0,0,0,0
"Energy and Climate Change ,Energy Bills ,Energy Tariffs ,New Energy Technologies ",2016-05-12,12537,7,3,8,1,0,4,2,1,1,0,0,0
Draft Energy Efficiency (Private Rented Property) (England and Wales) (Amendment) Regulations 2016 ,2016-06-08,4341,0,0,0,0,1,0,0,0,0,1,0,0
"DEPARTMENT OF ENERGY AND CLIMATE CHANGE ,Energy Spending Priorities_ Investors and Consumers ",2016-07-04,18439,6,1,0,0,0,5,5,0,0,0,1,0
Energy Network Charges ,2016-07-05,10315,2,1,1,0,0,3,3,0,0,0,0,0
EU Referendum_ Energy and Environment ,2016-07-12,26557,26,1,1,8,2,9,2,0,1,1,1,0
"Energy and Climate Change ,Energy Bills ,Energy Infrastructure_ Use of British Steel ,Energy Market Competition ,Energy Tariffs ,Geothermal Energy ,Retail Energy Market_ Switching ",2016-07-14,14182,9,5,2,2,0,8,5,0,1,0,0,0
Atomic Energy and Radioactive Substances ,2016-07-20,32,0,0,0,0,0,0,0,0,0,0,0,0
"Business, Energy and Industrial Strategy ",2016-09-13,10381,0,0,0,2,0,0,0,0,0,0,0,0
Smart Energy System ,2016-10-25,181,0,0,0,0,0,0,0,0,0,0,0,0
National College for Wind Energy ,2016-11-01,8507,0,0,0,1,0,0,1,0,1,0,0,0
"Business, Energy and Industrial Strategy ,Clean and Reliable Energy ",2016-11-08,10835,12,2,9,1,0,14,2,9,1,0,0,0
Tidal Lagoons and UK Energy Strategy ,2016-12-06,14022,8,6,8,3,1,9,6,8,3,0,0,0
"Business, Energy and Industrial Strategy ,Energy Bills ,Energy Supply ",2016-12-13,11489,1,0,2,0,1,1,2,2,0,0,0,0
Energy Access_ Africa ,2017-01-11,427,1,0,1,2,0,1,0,1,1,0,0,0
"Business, Energy and Industrial Strategy ,Offshore Energy_ Humber ,Tidal Energy ",2017-01-31,11246,5,0,2,1,1,3,0,0,0,0,0,0
"DEPARTMENT FOR BUSINESS, ENERGY AND INDUSTRIAL STRATEGY ",2017-02-28,7,0,0,0,0,0,0,0,0,0,0,0,0
"Business, Energy and Industrial Strategy ,Energy Infrastructure ,Energy Supply Market_ Competition ,Renewable Energy ",2017-03-14,11327,2,1,1,0,0,3,0,1,0,0,0,0
Energy Prices ,2017-03-16,19568,0,1,0,1,2,1,4,0,1,1,0,0
Draft Electricity and Gas (Energy Company Obligation) (amendment) Order  2017 ,2017-03-22,6074,3,9,1,0,0,0,6,0,0,0,0,0
"Business, Energy and Industrial Strategy ,Energy Price Cap ",2017-06-27,11160,2,0,0,0,3,1,0,0,0,0,0,0
Energy Price Cap ,2017-07-03,3882,1,0,0,0,1,1,0,0,0,0,0,0
Renewable Energy Generation_ Island Communities ,2017-07-04,4340,1,0,0,1,0,1,0,0,0,0,0,0
Renewable Energy Projects ,2017-09-06,456,0,0,0,0,0,1,0,0,0,0,0,0
"Business, Energy and Industrial Strategy ,Domestic Energy Price Cap ,Energy Supply ,Renewable Energy and Carbon Budget Targets ",2017-09-12,11963,15,2,0,5,3,5,2,0,2,0,0,0
Energy in Wales ,2017-09-14,13130,9,1,0,1,1,4,0,0,2,0,0,0
Retail Energy ,2017-10-12,5647,1,0,0,0,1,0,0,0,0,0,0,0
"Business, Energy and Industrial Strategy ",2017-11-07,10175,8,0,0,0,1,0,0,0,0,0,0,0
Draft Renewables Obligation (Amendment) (Energy Intensive Industries) Order 2017 ,2017-11-23,5055,4,0,0,1,0,3,0,0,1,0,0,0
"Business, Energy and Industrial Strategy ,Renewable Energy (Scotland) ",2017-12-12,10364,10,0,0,0,2,2,0,0,0,0,0,0
Renewable Energy Sector ,2018-01-24,262,3,0,0,0,0,2,0,0,0,0,0,0
"Business, Energy and Industrial Strategy ,Renewable Energy ",2018-01-30,11209,8,0,0,2,2,6,1,0,0,0,0,0
Domestic Properties (Minimum Energy Performance) ,2018-02-06,1459,2,2,0,0,0,2,1,0,0,0,0,0
Energy Efficiency and the Clean  Growth Strategy ,2018-03-08,21687,63,4,1,1,0,23,9,1,1,0,0,0
"Business, Energy and Industrial Strategy ,Marine Energy ",2018-03-13,10347,10,3,0,0,1,5,0,0,0,0,0,0
Northern Ireland (Regional Rates and Energy) Bill ,2018-03-21,15912,0,0,0,4,0,0,0,0,0,0,0,0
Energy Drink Sales to Children ,2018-04-17,3860,0,0,0,0,0,0,0,0,0,0,0,0
Dieter Helm Energy Review ,2018-04-24,11985,7,3,0,0,0,4,4,0,0,0,0,0
Renewable Energy Sector ,2018-04-25,319,0,0,0,0,0,0,0,0,0,0,0,0
"Business, Energy and Industrial Strategy ",2018-05-01,10384,7,0,0,1,5,8,0,0,1,0,0,0
"Business, Energy and Industrial Strategy Committee ,Heathrow Expansion_ Lakeside Energy from Waste Ltd ",2018-05-17,5755,0,0,0,0,2,0,0,0,0,0,0,0
Geothermal Energy_ Clackmannanshire ,2018-06-04,4284,6,2,0,0,0,5,2,0,1,0,0,0
"Business, Energy and Industrial Strategy ,Energy Bills ,Energy Generation and Consumption_ Kettering ",2018-06-12,11820,19,2,0,3,4,14,2,0,3,1,0,0
Geothermal Energy ,2018-06-19,10522,7,1,2,1,0,5,1,2,2,0,0,0
Energy Policy ,2018-06-25,7280,1,0,4,0,0,1,0,5,0,0,0,0
"Business, Energy and Industrial Strategy ",2018-07-17,11352,15,0,0,0,6,10,0,0,0,0,0,0
Energy Consumption  (Innovative Technologies) ,2018-09-12,1499,0,0,0,1,0,0,0,0,1,0,0,0
"Business, Energy and Industrial Strategy ,Energy Prices ",2018-10-16,12807,13,3,0,2,0,8,2,0,2,0,0,0
Draft Electricity and Gas (Energy Company Obligation) Order 2018 ,2018-10-22,5949,8,2,0,0,0,5,2,0,0,0,0,0
Draft Companies (Directors' Report) and Limited Liability Partnerships (Energy and Carbon Report) Regulations 2018 ,2018-10-25,2784,3,0,0,0,0,2,0,0,0,0,0,0
Renewable Energy ,2018-11-06,208,0,0,0,1,0,1,0,0,1,0,0,0
"Business, Energy and Industrial Strategy ",2018-11-20,11699,8,0,1,2,0,6,0,1,0,0,0,0
"Business, Energy and Industrial Strategy ,Renewable Energy ,Renewable Energy2 ",2019-01-08,13504,9,0,0,1,2,9,0,0,0,0,0,0
Draft Energy Efficiency (Private Rented Property) (England and Wales) (Amendment) Regulations 2018 ,2019-01-14,4683,13,3,0,0,0,5,0,0,0,0,0,0
Energy Conservation ,2019-01-16,34,0,0,0,0,0,0,0,0,0,0,0,0
Green Deal (Conduct of Home Energy and Lifestyle Management Ltd) ,2019-01-22,1918,0,0,0,0,0,0,0,0,0,0,0,0
Draft Ecodesign for Energy-Related Products and Energy Information (Amendment) (EU Exit) Regulations 2019 ,2019-02-11,3522,2,0,0,0,0,2,0,0,0,0,0,0
"Business, Energy and Industrial Strategy ,Community Energy Savings Programme_ Lowestoft ,Energy Market_ Diversity Supply ",2019-02-12,12049,5,0,0,1,8,5,0,0,0,1,0,0
"Northern Ireland (Regional Rates and Energy) (No. 2) Bill ,Northern Ireland (Regional Rates and Energy) (No. 2)2 Bill ",2019-03-06,29024,0,0,0,4,0,0,0,0,0,0,0,0
"Business, Energy and Industrial Strategy ,Energy Mix ",2019-03-19,12214,20,0,1,1,1,14,0,1,0,0,2,0
Renewable Energy_ Public Funding ,2019-04-09,807,4,0,0,0,0,2,0,0,0,0,0,0
"Business, Energy and Industrial Strategy ,Renewable Energy Sources ",2019-04-30,12991,25,0,0,5,1,17,0,0,1,0,0,0
"Business, Energy and Industrial Strategy ,United Kingdom Atomic Energy Authority Pension Transfers (Parliamentary and Health Service Ombudsman Investigation) ",2019-06-11,13766,10,4,0,2,0,7,4,0,1,0,1,0
Domestic Energy Efficiency Plan ,2019-06-18,1327,5,1,0,0,0,3,0,0,0,0,0,0
The Value Added Tax (Reduced Rate) (Energy-Saving Materials) Order 2019 ,2019-06-24,5698,0,0,0,1,0,0,0,0,1,0,0,1
Renewable Energy Exports ,2019-07-11,448,0,0,0,0,0,0,0,0,0,0,0,0
"Business, Energy and Industrial Strategy ,Sustainable Energy_ Somerset ",2019-07-16,11961,12,0,0,9,1,5,0,0,5,0,3,0
"Business, Energy and Industrial Strategy ",2019-10-22,10422,9,0,0,1,1,8,0,0,0,1,0,0
"Business, Energy and Industrial Strategy ",2020-01-21,9008,9,1,0,1,1,6,0,0,0,0,1,0
Nuclear Energy Policy_ Climate Change ,2020-02-05,4177,4,1,0,0,0,4,1,0,0,0,0,0
Renewable Energy ,2020-02-12,924,1,0,0,0,0,1,0,0,0,0,0,0
New Homes_ Carbon Emissions and Energy Efficiency ,2020-02-24,782,0,2,0,0,0,0,0,0,0,0,0,0
Energy Efficiency Measures_ Net Zero Buildings ,2020-02-26,12339,5,3,0,1,1,2,2,0,1,1,0,0
"Business, Energy and Industrial Strategy ,Energy-Intensive Industries_ Decarbonisation ,Renewable Energy_ Scotland ",2020-03-03,10694,18,1,0,2,0,9,0,0,0,0,1,0
Renewable Energy_ Exports ,2020-03-05,437,1,0,0,0,0,1,0,0,0,0,0,0
"Business, Energy and Industrial Strategy ",2020-05-04,4597,5,0,0,0,0,5,0,0,0,0,0,0
"Business, Energy and Industrial Strategy ",2020-06-16,9678,3,0,0,1,1,3,0,0,0,0,1,0
"Business, Energy and Industrial Strategy_ Departmental Spending ",2020-07-07,12774,2,0,0,4,2,2,0,0,1,0,0,0
"Business, Energy and Industrial Strategy ",2020-07-21,9091,4,0,0,0,0,4,0,0,0,0,8,0
"Business, Energy and Industrial Strategy Committee ",2020-09-10,3576,1,0,0,0,0,0,0,0,0,0,0,0
Energy-Efficient Homes_ Support ,2020-09-15,197,0,0,0,0,0,0,0,0,0,0,0,0
"Business, Energy and Industrial Strategy ,Marine Energy Sector ,Merseyside_ Sustainable Energy Production ",2020-09-29,9930,7,0,1,12,0,6,0,1,5,0,7,0
The Insolvency (Moratorium) (Special Administration for Energy Licencees) (Regulations) 2020 ,2020-09-30,2231,2,0,1,0,0,2,0,1,1,0,0,0
Alternative Fuelled Vehicles_ Energy Provision ,2020-10-06,9657,3,2,2,6,0,2,0,0,5,0,0,0
"Business, Energy and Industrial Strategy ,Marine Renewable Energy ",2020-11-10,10086,5,0,2,0,0,6,0,1,0,0,8,0
Exiting the European Union (Energy Conservation) ,2020-11-18,4379,1,0,0,0,0,1,0,0,0,0,0,0
Fuel Poverty and Energy Price Caps ,2020-11-19,9496,1,2,0,1,0,1,7,0,2,0,0,0
Energy White Paper ,2020-12-14,9875,18,1,2,1,0,16,1,2,1,0,3,0
"Business, Energy and Industrial Strategy ,Hydrogen Energy ,Hydrogen Energy2 ,Renewable Energy_ Capacity ",2020-12-15,11808,11,0,0,1,0,11,0,0,0,0,5,0
Reduction in VAT for home energy bills ,2021-01-19,186,0,0,0,0,0,0,0,0,0,0,0,0
"Business, Energy and Industrial Strategy ,Renewable Energy ",2021-02-09,9826,11,2,1,0,0,8,2,0,0,0,4,0
Energy-efficient Housebuilding ,2021-02-22,312,0,0,0,0,0,0,0,0,0,0,0,0
Draft Energy Performance of Buildings (England and Wales) (Amendment) Regulations 2021 ,2021-03-08,1557,0,1,0,0,0,0,0,0,0,0,0,0
"Business, Energy and Industrial Strategy ,Energy Efficiency in Homes ,Energy Transition Projects in Scotland ",2021-03-23,11624,8,6,0,0,1,8,4,0,0,0,2,0
Energy-efficient House Building ,2021-04-19,437,0,0,0,0,0,0,0,0,0,0,0,0
"Business, Energy and Industrial Strategy ,Clean Energy ,Energy Transition Projects_ Scotland ,Renewable Energy_ Carbon Budget ",2021-05-25,11273,18,0,0,4,0,15,0,0,2,0,5,0
Draft Ecodesign for Energy-Related Products and Energy Information Regulations 2021 ,2021-06-08,1933,2,0,0,0,0,2,0,0,0,0,0,0
Green Energy in the North-west ,2021-06-23,8596,10,3,2,3,0,10,1,2,2,0,2,0
Renewable Energy Infrastructure Funding ,2021-06-30,260,0,0,0,0,0,0,0,0,0,0,2,0
Enabling Community Energy ,2021-07-01,12941,11,1,0,13,2,13,2,0,9,0,1,0
"AQUIND Energy Interconnector ,Business, Energy and Industrial Strategy ,Energy Production and Efficiency ,Solar Energy ",2021-07-06,11258,14,0,0,4,1,14,0,0,4,0,5,0
Draft European Union and European Atomic Energy Community (Immunities and Privileges) Order 2021 ,2021-07-12,1714,0,0,0,0,0,0,0,0,0,0,0,0
"Emerging Markets Exports_ Energy and Renewables ,Geothermal Energy_ Net Zero Target ",2021-07-14,611,4,0,0,0,0,3,0,0,0,0,0,0
United Kingdom Atomic Energy Authority Pension Transfers (Parliamentary And Health Service Ombudsman Investigation) ,2021-07-21,1214,0,0,0,0,0,0,0,0,0,0,0,0
"Business, Energy and Industrial Strategy Committee ",2021-07-22,2809,0,0,0,0,0,0,0,0,0,0,0,0
Draft Ecodesign for Energy-related Products and Energy Information (Lighting Products) Regulations 2021 ,2021-09-08,2435,0,0,0,0,0,0,0,0,0,0,0,0
Geothermal Energy ,2021-09-15,9979,10,2,5,2,0,9,2,2,2,0,2,0
"Business, Energy and Industrial Strategy ",2021-09-21,9997,0,5,0,4,0,0,0,0,1,0,1,0
Gas Prices and Energy Suppliers ,2021-09-23,5260,0,0,0,1,0,0,0,0,0,0,1,0
Clean Energy_ Safeguarding of Human Rights ,2021-10-20,256,2,0,0,0,0,2,0,0,0,0,0,0
"Nuclear Energy (Financing) Bill ,Renewables and Green Energy_ Onshore Employment ",2021-11-03,25136,15,5,10,2,1,11,5,7,1,0,0,0
"Business, Energy and Industrial Strategy ,Energy-intensive Businesses ,Nuclear Energy (Financing) Bill (First sitting) ,Nuclear Energy (Financing) Bill (Second sitting) ,Offshore Wind Energy ,Renewable Energy ",2021-11-16,46050,13,2,7,4,1,6,2,2,3,0,0,0
Rising Energy Costs_ Impact on Industry and Businesses ,2021-11-17,592,0,0,0,0,0,0,0,0,0,0,0,0
"Nuclear Energy (Financing) Bill (Fourth sitting) ,Nuclear Energy (Financing) Bill (Third sitting) ",2021-11-18,33107,0,0,2,0,0,0,0,2,0,0,0,0
Nuclear Energy (Financing) Bill (Fifth sitting) ,2021-11-23,14333,0,1,0,0,0,0,3,0,0,0,0,0
"Bulb Energy_ Administration ,Energy-intensive Industries ",2021-11-24,18026,5,2,4,3,4,3,5,6,2,0,0,0
"Nuclear Energy (Financing) Bill (Sixth sitting) ,Tidal Energy Generation_  Ringfenced Funding ",2021-11-25,15304,2,0,0,0,0,2,0,0,0,0,3,0
Community Energy Schemes ,2021-11-30,13692,9,1,0,7,0,9,0,0,6,0,1,0
Renewable Energy Generation ,2021-12-15,975,0,0,0,0,0,0,0,0,0,0,0,0
"Baglan Energy Park_ Power Supply ,Renewable Energy Generation_ North Wales ",2022-01-05,1006,0,0,0,0,0,0,0,0,0,0,0,0
Nuclear Energy (Financing) Bill ,2022-01-10,21549,3,2,10,2,2,3,5,9,1,1,0,0
"Baglan Energy Park ,Business, Energy and Industrial Strategy ,Energy Transition Projects ,Household Energy Bills_ VAT ",2022-01-11,39478,8,3,2,8,1,7,4,2,5,0,1,0
Small Modular Reactors and Energy Security ,2022-01-19,5102,7,2,0,0,0,5,2,1,0,0,0,0
Community Energy Projects ,2022-01-25,599,0,0,0,0,0,0,0,0,0,0,0,0
Sutton Decentralised Energy Network ,2022-02-04,3854,1,1,1,1,0,0,0,0,0,0,0,0
"Business, Energy and Industrial strategy ,Energy Price Cap_ Prepayment Meter Customers ,Energy Sector Jobs ,Small Businesses_ Energy Costs ,Solar Energy_ Agricultural Land ",2022-02-22,12012,15,0,1,0,0,12,0,0,0,0,5,0
Energy Pricing (Off Gas Grid Households) ,2022-02-23,1408,1,0,0,0,0,1,0,0,0,0,0,0
"Consett Energy from Waste Plant ,Draft Energy Performance of Buildings (England and Wales) (Amendment) Regulations 2022 ",2022-03-08,3988,1,0,0,1,0,0,0,0,0,0,0,0
Renewable Energy Generation ,2022-03-16,257,0,0,0,0,0,0,0,0,0,0,0,0
Energy ,2022-03-23,2895,2,0,0,0,0,1,0,0,0,0,0,0
"Business, Energy and Industrial Strategy ,Energy Price Increase in April 2022 ,Energy Security_ Nuclear Power ,Energy Transition Projects in Scotland ,Investment in Renewables_ Household Energy Bills ,Renewable Energy Sector ,Standing Charges on Energy Bills ",2022-03-29,14496,4,0,0,4,3,4,0,0,3,0,0,0
Energy Costs for Disabled People ,2022-03-30,276,0,0,0,0,0,0,0,0,0,0,0,0
Energy Security Strategy ,2022-04-19,6875,6,0,0,1,1,9,2,0,3,1,1,0
"Domestic Solar Energy ,Energy Price Cap_ Residential Buildings with Communal Heating Systems ",2022-04-20,7929,1,0,0,1,1,1,0,0,0,0,0,0
Exports of Renewable Energy Services ,2022-04-21,369,0,0,0,1,0,0,0,0,1,0,0,0
Energy Bills Support Scheme_ Council Tax Rebate ,2022-05-17,253,0,0,0,0,0,0,0,0,0,0,0,0
Government’s Energy Security Strategy ,2022-05-18,597,2,1,1,0,0,4,1,1,0,0,0,0
"Affordable Energy_ Winter 2022-23 ,Business, Energy and Industrial Strategy ,Energy Efficiency_ Domestic Buildings ,Energy Price Cap ,Fusion Energy ,Renewable Energy ",2022-06-07,13022,9,8,0,1,1,8,8,0,3,1,0,0
Domestic Renewable Energy ,2022-06-15,575,2,0,0,0,0,2,0,0,0,0,0,0
"Energy (Oil and Gas) Profits ,Energy Security Strategy ",2022-07-05,19435,4,4,5,2,0,4,6,3,1,0,0,0
"Energy-intensive Industries ,Home Energy Efficiency_  North of England ",2022-07-06,16493,3,0,0,0,0,2,3,0,0,0,5,0
"Energy (Oil and Gas) Profits Levy Bill ,Energy (Oil and Gas) Profits Levy Bill2 ",2022-07-11,22811,7,0,0,2,0,4,0,0,1,0,1,0
"Business, Energy and Industrial Strategy ,Community-owned Energy Projects ,Energy Price Cap_ Living Standards ,Energy Price Cap_ Living Standards2 ,Energy Price Rises ,Energy Price Rises2 ",2022-07-12,12439,15,0,1,1,0,14,2,1,1,0,0,0
Draft Electricity and Gas (Energy Company Obligation) Order 2022 ,2022-07-18,7861,2,1,0,2,0,2,0,0,2,0,0,0
Climate Targets_ Energy Efficiency ,2022-07-20,797,0,0,0,0,2,0,0,0,0,0,0,0
Energy Update ,2022-09-05,11644,6,0,0,0,0,5,1,0,0,0,0,0
UK Energy Costs ,2022-09-08,28885,6,3,1,0,0,5,3,1,0,0,0,0
"Energy crisis support for small and medium sized businesses, the public sector and charities ,Energy Prices_ Support for Business ",2022-09-22,10539,0,0,2,2,0,1,1,1,0,0,0,0
Energy Costs in Wales ,2022-10-11,11956,2,1,0,1,0,2,2,0,1,0,0,0
Domestic Energy Costs ,2022-10-12,541,0,0,0,0,0,0,0,0,0,0,0,0
"Energy Efficiency_ Guidance to Homeowners ,Energy Prices Bill ,Energy Prices Bill2 ,£150 Council Tax Energy Rebate ",2022-10-17,26173,5,1,1,2,0,3,7,2,3,0,1,0
"Domestic Energy Costs_ Differential Between Wales and Rest of UK ,Energy Costs (Pre-payment Meters and Social Tariffs) ,Off-grid Homes_ Energy Support ",2022-10-19,6747,1,1,0,0,1,0,2,0,0,0,0,0
"Business, Energy and Industrial Strategy ,Businesses_ Energy Costs in 2023 ,Marine Energy ,SMEs_ Energy Price Cap ,Support for Energy Customers_ April 2023 ,Support for Energy Customers_ Winter 2022-23 ",2022-10-25,13783,3,5,0,0,0,4,3,0,0,0,3,0
Public Ownership of Energy Companies ,2022-10-31,14610,10,2,1,1,3,11,5,1,1,3,0,0
"BUSINESS, ENERGY AND INDUSTRIAL STRATEGY ",2022-11-01,31,0,0,0,0,0,0,0,0,0,0,0,0
International Energy Self-sufficiency ,2022-11-02,580,0,0,0,0,0,0,0,0,0,0,0,0
Energy Sector_ Trade Opportunities ,2022-11-03,1025,0,0,0,0,0,0,0,0,0,0,0,0
Energy Bill Relief Scheme Regulations 2022 14 November ,2022-11-14,5476,0,0,0,0,0,0,0,0,0,0,0,0
"Cost of Energy_ Support for Families ,Energy Profits Levy ",2022-11-15,1417,0,0,0,0,0,0,0,0,1,0,0,0
"Energy Bills_ Support for Households in Scotland ,Energy Price Support_ Northern Ireland ",2022-11-16,4615,0,0,0,0,0,0,0,0,0,0,0,0
Energy Bill Relief Scheme Pass-through Requirement (Heat Suppliers) (England and Wales and Scotland) Regulations 2022 ,2022-11-21,6036,0,0,0,0,0,0,0,0,0,0,0,0
Energy (oil and gas) profits levy ,2022-11-22,47419,2,7,0,6,5,2,5,0,2,0,0,0
Energy Security ,2022-11-23,387,0,0,0,0,0,0,0,0,0,0,0,0
"Business, Energy and Industrial Strategy ,Community Energy Sector ,Energy Price Guarantee ,Energy Price Guarantee_ Impact on Households ,Energy Security ,Energy Support ,Off-grid Energy Support ",2022-11-29,20762,13,4,1,9,1,11,3,1,6,4,0,0
Energy Bills Support Scheme_  Northern Ireland ,2022-11-30,2942,0,0,0,0,0,0,0,0,0,0,0,0
Cost of Energy_ People with Disabilities ,2022-12-05,632,0,0,0,0,0,0,0,0,0,0,0,0
Sustainable Energy Generation_  Burning Trees ,2022-12-06,13201,1,0,3,22,0,3,0,2,22,0,0,0
Park Homes Energy Support ,2022-12-07,390,0,0,0,0,0,0,0,0,0,0,0,0
Ukraine_ Energy Supplies ,2022-12-13,249,0,0,0,0,0,0,0,0,0,0,0,0
"Energy Costs_ Fiscal Support ,Energy Costs_ Fiscal Support2 ,Energy Producer Profit Trends ",2022-12-20,1684,0,0,0,0,0,0,0,0,0,0,0,0
"Energy Bill Relief Scheme Pass-through Requirement (Heat Suppliers) (Amendment) Regulations 2022 ,Non-domestic Energy Support ",2023-01-09,16690,0,0,0,4,0,0,2,0,2,0,0,0
Strangford Lough_ Tidal Wave Energy ,2023-01-10,4630,6,3,1,3,0,7,3,1,2,0,0,0
Energy Bill Support ,2023-01-11,420,1,1,0,0,0,1,1,0,0,0,0,0
"Business, Energy and Industrial Strategy ,Cost of Energy_ Ceramics Sector ,Energy Bills Support Scheme_ Alternative Funding ,Energy Costs_ Support for Businesses ,Energy Transition Projects_ Scotland ,Household Energy Bills ,Pre-payment meter energy customers and self-disconnection ",2023-01-17,19149,3,3,0,3,0,2,2,0,2,0,0,0
Pre-payment meter energy customers  and forcible transfer ,2023-01-18,351,0,0,0,0,0,0,0,0,0,0,0,0
"Energy Bills_ Self-disconnection ,Pre-payment Meter Energy Customers and Higher Costs ",2023-01-25,7772,0,0,0,0,0,0,4,0,0,0,0,0
Energy Bill Relief Scheme (Non-Standard Cases) Regulations ,2023-01-30,3986,0,0,0,0,0,0,0,0,0,0,0,0
Green Energy Potential_ Scotland ,2023-01-31,4619,3,1,0,4,0,3,2,0,2,0,0,0
Energy Bills Support Scheme and Alternative Fuel Payment Pass-through Requirement (Northern Ireland) Regulations 2023 ,2023-02-06,260,0,0,0,0,0,0,0,0,0,0,0,0
"Businesses_ Energy Costs ,Economy_ Impact of Changes in Energy Support Schemes ,Energy Bills_ Support for Households ,Wind and Solar Energy_ Short-term Investment ",2023-02-07,3105,0,0,0,1,0,0,1,0,1,0,0,0
Building Regulations_ Energy Efficiency ,2023-02-20,222,0,0,0,0,0,0,0,0,0,0,0,0
"Energy Suppliers_ Customer Credit ,Renewable Energy ",2023-02-22,10612,0,0,0,0,0,0,0,0,0,0,0,0
"Energy Bill Support_ Heat Network Customers ,Energy Bills_ Alternative Fuels ,Energy Bills_ Support for Businesses ,Energy Charter Treaty ,Energy Price Guarantee_ Fuel Poverty ,Energy Security and Net Zero ,Household Energy Efficiency Measures ,Renewable Energy Production ",2023-02-28,14234,4,4,0,3,0,2,2,0,2,0,2,0
Renewable Energy ,2023-03-01,715,1,0,0,0,0,1,0,0,0,0,0,0
Energy ,2023-03-07,5202,0,0,0,0,0,0,0,0,0,0,0,0
Energy Bills_ Impact on Disabled People ,2023-03-08,176,0,0,0,0,0,0,0,0,0,0,0,0
"12. Energy (oil and gas) profits levy (de-carbonisation allowance) ,Cost of Energy ,Energy Charter Treaty ,Energy Support for Farms ",2023-03-21,12252,9,0,0,2,2,8,0,0,4,3,0,0
"Energy Trilemma ,Energy-intensive Industries ",2023-03-23,18107,7,11,2,12,0,10,14,2,10,0,1,0
Minimum Energy Performance of Buildings Bill ,2023-03-24,2263,0,0,0,0,0,0,0,0,0,0,1,0
"Clean Energy Technologies_ Private Sector Investment ,Energy Bill Relief Scheme ,Energy Efficiency Measures_ Installation ,Energy Price Guarantee Extension ,Energy Security and Net Zero ,Energy Transition Projects in Scotland ,Renewable Energy Projects_ Connection to the Grid ",2023-04-18,15117,7,2,0,2,0,9,0,0,2,0,0,0
Energy Suppliers and Consumer Rights ,2023-04-25,3649,0,0,1,0,0,0,2,0,0,0,0,0
"Energy Bill [Lords] ,Energy Costs_ Support for Businesses ",2023-05-09,40239,28,4,6,20,0,24,7,6,15,0,3,0
Renewable Energy ,2023-05-17,1384,0,0,0,0,0,0,0,0,0,0,0,0
Energy Bills Discount Scheme Regulations ,2023-05-22,4592,0,0,0,0,0,0,0,0,0,0,0,0
"Energy Bill [ Lords ] (First sitting) ,Energy Bill [ Lords ] (Second sitting) ,Energy Security and Net Zero ,Energy Transition Projects_ Scotland ,Fixed-term Energy Contracts_ Hospitality Industry ,Fixed-term Energy Contracts_ SMEs ,Nuclear Fusion_ Energy Provision ",2023-05-23,41021,5,2,2,4,0,4,3,2,3,0,13,0
"Energy-intensive Industries_ Decarbonisation ,Renewable Energy Support ",2023-05-24,812,0,0,0,0,0,0,0,0,0,0,0,0
Energy Bill [ Lords ] (Third sitting) ,2023-05-25,10548,0,0,0,0,0,0,0,0,0,0,0,0
"Energy Bill [ Lords ] (Fifth sitting) ,Energy Bill [ Lords ] (Fourth sitting) ",2023-06-06,26168,6,0,1,1,0,1,1,0,1,0,2,0
"Deep Geothermal Energy ,Energy Bill [ Lords  ] (Seventh sitting) ,Energy Bill [ Lords ] (Sixth sitting) ",2023-06-08,33904,7,0,0,7,2,6,0,0,8,0,0,0
"Energy Bill [ Lords ] (Eighth sitting) ,Energy Bill [ Lords ] (Ninth sitting) ",2023-06-13,28650,3,5,2,1,0,4,2,1,1,0,0,0
"Energy Bill [ Lords  ] (Eleventh sitting) ,Energy Bill [ Lords ] (Tenth sitting) ",2023-06-15,20564,0,0,1,0,0,0,0,1,0,0,0,0
"Cost of Living_ Energy Prices ,Energy Bill  [Lords]  (Thirteenth sitting) ,Energy Bill [ Lords ] (Twelfth sitting) ",2023-06-20,24986,2,0,3,1,0,2,0,1,1,0,1,0
"Energy Bill [ Lords ] (Fifteenth sitting) ,Energy Bill [ Lords ] (Fourteenth sitting) ",2023-06-22,40511,1,0,0,2,1,1,0,0,2,0,1,0
"Energy Bill [ Lords ] (Seventeenth sitting) ,Energy Bill [ Lords ] (Sixteenth sitting) ,Energy Company Obligation Schemes ",2023-06-27,43005,7,1,1,2,2,8,3,2,4,2,17,0
"Draft International Atomic Energy Agency (Immunities and Privileges) (Amendment) Order 2023 ,Support for the Energy Industry ",2023-06-28,1451,0,0,0,0,0,0,1,0,1,0,0,0
Energy Bill [ Lords ] (Eighteenth sitting) ,2023-06-29,15668,2,1,0,0,1,2,1,0,0,3,0,0
Draft Electricity and Gas (Energy Company Obligation) Order 2023 ,2023-07-03,3399,0,0,0,0,0,0,0,0,0,0,0,0
"Clean Energy Projects_ Planning System ,Clean Energy Technology_ Private Sector Investment ,Community Energy Projects ,Energy and Trade Intensive Industries ,Energy Costs_ Support for Households ,Energy Intensive Industries_ Decarbonisation ,Energy Security and Net Zero ,Energy Security_ Gas Imports from Russia ,Energy Transition Projects_ Scotland ",2023-07-04,14378,15,0,2,3,0,13,0,2,1,0,5,0
Energy Infrastructure ,2023-07-05,24368,12,4,5,4,0,12,6,5,6,1,2,0
Renewable Energy in the  East of England ,2023-07-11,4121,3,0,0,0,0,3,0,0,0,0,1,0
Oil Production and Domestic Energy Prices ,2023-07-12,256,0,0,0,0,0,0,0,0,0,0,0,0
Energy Bill [Lords] ,2023-09-05,62908,12,12,2,37,3,17,10,1,34,1,0,0
Energy Supply Market_ Small Businesses ,2023-09-13,8114,2,0,0,0,0,2,1,0,4,0,0,0
"Domestic Nuclear Energy ,Energy Security and Net Zero ,Energy-intensive Industries_ Decarbonisation ,Renewable Energy Sector_ High-skilled Jobs ",2023-09-19,11418,7,1,1,1,1,8,1,2,1,0,12,0
"Energy Bill [Lords] ,Energy Costs ,Green Energy_ Ports ",2023-10-18,19017,10,1,1,3,0,10,1,1,2,0,1,0
Cost of Energy_ Dalmarnock ,2023-10-24,4465,0,2,0,0,0,0,2,0,0,0,0,0
Renewable Energy Providers_ Planning Considerations ,2023-10-25,13413,0,0,0,2,0,0,0,0,1,0,0,0
